[0m[ INFO] [1556637907.379793210]: [1;32m---->[0m Transform Fusion Started.[0m
1317402730.644090687, -0.010532, 0.000282414, 0.18491
1317402730.754931112, -0.0120735, 0.00071024, 0.437442
1317402730.855839276, -0.0068428, 0.00122596, 0.731161
1317402730.978221561, -0.00274612, 0.00188791, 1.05221
1317402731.089542150, -0.00550893, 0.00245622, 1.37256
1317402731.170124727, -0.00304453, 0.00331228, 1.69627
1317402731.291466757, 0.00713792, 0.0045644, 2.0443
1317402731.382563179, 0.0152376, 0.00621952, 2.40008
1317402731.503984869, 0.0608603, 0.00812038, 2.78066
1317402731.574445743, 0.0996261, 0.00994975, 3.14691
1317402731.685767359, 0.145995, 0.0118343, 3.54144
1317402731.817386129, 0.207402, 0.0140076, 3.93142
1317402731.908313954, 0.271412, 0.0165073, 4.32283
1317402731.988898290, 0.351867, 0.0192715, 4.73457
1317402732.099844993, 0.435443, 0.0221067, 5.14587
1317402732.231012889, 0.501804, 0.0248927, 5.5762
1317402732.311807537, 0.587016, 0.0279444, 6.03187
1317402732.412736722, 0.69647, 0.0313199, 6.46967
1317402732.513788805, 0.799203, 0.0346358, 6.91091
1317402732.644933382, 0.906232, 0.037991, 7.35106
1317402732.745783169, 1.02049, 0.0415009, 7.8542
1317402732.826493788, 1.12111, 0.045312, 8.41075
1317402732.927387883, 1.23169, 0.0499167, 8.92467
1317402733.068969550, 1.38069, 0.0550715, 9.4481
1317402733.159957304, 1.52927, 0.0605461, 9.97959
1317402733.240754283, 1.66386, 0.066339, 10.5488
1317402733.362084830, 1.83194, 0.0732028, 11.135
1317402733.483286700, 2.02692, 0.081111, 11.7277
1317402733.574091399, 2.20158, 0.0894794, 12.338
1317402733.654789575, 2.38049, 0.0986357, 12.9549
1317402733.786275719, 2.58208, 0.108783, 13.538
1317402733.877011670, 2.84115, 0.11994, 14.0852
1317402734.009818992, 3.07136, 0.132508, 14.6814
1317402734.070304568, 3.32109, 0.146939, 15.3117
1317402734.171125808, 3.56856, 0.163202, 15.9519
1317402734.312790573, 3.8264, 0.181599, 16.5982
1317402734.413700401, 4.03973, 0.202521, 17.2899
1317402734.484358924, 4.29234, 0.226393, 17.9859
1317402734.615411173, 4.55971, 0.252887, 18.6903
1317402734.727363061, 4.82918, 0.280584, 19.3669
1317402734.838536559, 5.10646, 0.312382, 20.0824
1317402734.909254770, 5.39547, 0.345394, 20.7711
1317402735.020013397, 5.71849, 0.383423, 21.5154
1317402735.141366017, 6.01982, 0.422298, 22.2414
1317402735.242472381, 6.35468, 0.464171, 22.9836
1317402735.323198591, 6.68384, 0.509352, 23.7568
1317402735.454669835, 7.02819, 0.555906, 24.5247
1317402735.555730646, 7.36163, 0.604771, 25.3156
1317402735.656872604, 7.72767, 0.654709, 26.0998
1317402735.737467959, 8.07336, 0.704989, 26.8791
1317402735.849074184, 8.4512, 0.757223, 27.6722
1317402735.970339173, 8.84387, 0.810255, 28.463
1317402736.081486689, 9.25271, 0.862494, 29.2241
1317402736.152080934, 9.73367, 0.916527, 29.997
1317402736.253025205, 10.1703, 0.970223, 30.7658
1317402736.384829418, 10.6077, 1.0262, 31.5692
1317402736.485767828, 11.0805, 1.0849, 32.4123
1317402736.566365372, 11.5565, 1.14354, 33.255
1317402736.667545603, 12.038, 1.20068, 34.0779
1317402736.819410990, 12.5559, 1.26212, 34.9683
1317402736.890161305, 13.053, 1.32206, 35.8378
1317402736.981086460, 13.5819, 1.38357, 36.7333
1317402737.081888306, 14.1276, 1.44474, 37.6279
1317402737.223413051, 14.6752, 1.50789, 38.5604
1317402737.314154935, 15.2265, 1.56926, 39.4658
1317402737.394836712, 15.7828, 1.63117, 40.3872
1317402737.495631540, 16.3403, 1.69377, 41.3217
1317402737.637096217, 16.9017, 1.75714, 42.2724
1317402737.738037484, 17.4629, 1.81861, 43.1915
1317402737.818529935, 18.0498, 1.8833, 44.1687
1317402737.919238443, 18.612, 1.94505, 45.1046
1317402738.020414854, 19.162, 2.00599, 46.0345
1317402738.151902703, 19.7041, 2.06149, 46.8732
1317402738.222568203, 20.2705, 2.11893, 47.7532
1317402738.333555734, 20.868, 2.17694, 48.643
1317402738.464800078, 21.4993, 2.23367, 49.5078
1317402738.545618531, 22.1577, 2.29339, 50.4385
1317402738.646473193, 22.728, 2.34851, 51.2978
1317402738.747348594, 23.3317, 2.40552, 52.1899
1317402738.888928939, 24.0045, 2.46192, 53.0708
1317402738.989643747, 24.635, 2.51519, 53.8942
1317402739.060187021, 25.3104, 2.56627, 54.6773
1317402739.161180824, 25.9034, 2.61854, 55.4987
1317402739.292672801, 26.5491, 2.67113, 56.3365
1317402739.393660710, 27.2401, 2.72193, 57.1488
1317402739.474249172, 27.9134, 2.77284, 57.9742
1317402739.574924945, 28.6257, 2.82434, 58.8189
1317402739.716400716, 29.3574, 2.87475, 59.6427
1317402739.817212453, 30.045, 2.92297, 60.4278
1317402739.887743430, 30.7817, 2.9723, 61.2392
1317402739.988352161, 31.5009, 3.01927, 62.0131
1317402740.129818656, 32.2216, 3.06868, 62.8444
1317402740.232008259, 32.9271, 3.11583, 63.6312
1317402740.302609030, 33.6833, 3.16046, 64.3648
1317402740.403528761, 34.3123, 3.20293, 65.0553
1317402740.545338752, 35.0237, 3.25011, 65.8482
1317402740.616095063, 35.8303, 3.29815, 66.6581
1317402740.717072084, 36.6313, 3.34213, 67.3798
1317402740.817855734, 37.4314, 3.38949, 68.1751
1317402740.959293580, 38.3053, 3.43528, 68.9352
1317402741.060305113, 39.1424, 3.48194, 69.7165
1317402741.130934101, 40.0544, 3.52437, 70.4044
1317402741.242035094, 40.9051, 3.56625, 71.079
1317402741.373421975, 41.7088, 3.61545, 71.9128
1317402741.464295818, 42.5903, 3.66114, 72.6709
1317402741.545053658, 43.4973, 3.7092, 73.4739
1317402741.666051989, 44.4144, 3.75195, 74.1637
1317402741.758259927, 45.3218, 3.79637, 74.882
1317402741.890084968, 46.2832, 3.83924, 75.5641
1317402741.960666583, 47.2103, 3.8816, 76.235
1317402742.071628522, 48.1868, 3.92404, 76.9041
1317402742.203660614, 49.1707, 3.96747, 77.5921
1317402742.284627518, 50.1555, 4.00854, 78.234
1317402742.375300112, 51.0915, 4.05248, 78.9352
1317402742.486267240, 52.06, 4.09513, 79.6069
1317402742.618500783, 53.0633, 4.13699, 80.257
1317402742.719632055, 53.9861, 4.17975, 80.9152
1317402742.790336604, 55.0155, 4.2227, 81.5634
1317402742.901377354, 56.1432, 4.26692, 82.2298
1317402743.033262810, 57.1713, 4.30737, 82.8141
1317402743.144212931, 58.2289, 4.34621, 83.3633
1317402743.224868046, 59.2556, 4.38574, 83.9333
1317402743.315388727, 60.2855, 4.42367, 84.4677
1317402743.446468641, 61.3509, 4.46486, 85.0666
1317402743.547514595, 62.4715, 4.50587, 85.6454
1317402743.628316834, 63.5721, 4.54597, 86.2025
1317402743.729422244, 64.6134, 4.58454, 86.7322
1317402743.860863875, 65.7253, 4.62446, 87.2833
1317402743.971937511, 66.8849, 4.66334, 87.801
1317402744.042592331, 67.9971, 4.70061, 88.2874
1317402744.143371902, 69.1841, 4.74061, 88.8256
1317402744.274922296, 70.3172, 4.77845, 89.3106
1317402744.375887563, 71.4759, 4.81382, 89.7273
1317402744.456547884, 72.7019, 4.85261, 90.2227
1317402744.557585603, 73.8801, 4.89035, 90.704
1317402744.688945293, 75.0509, 4.92854, 91.2015
1317402744.789976002, 76.2054, 4.96593, 91.6692
1317402744.870593556, 77.2975, 5.00146, 92.0956
1317402744.971479287, 78.4399, 5.03758, 92.5051
1317402745.102944553, 79.5197, 5.07185, 92.8678
1317402745.214279379, 80.6365, 5.10837, 93.2875
1317402745.284921757, 81.8112, 5.14611, 93.7301
1317402745.385941866, 83.0164, 5.1832, 94.1377
1317402745.527351123, 84.2126, 5.21895, 94.5072
1317402745.597948563, 85.3883, 5.25506, 94.9192
1317402745.698700379, 86.4905, 5.28882, 95.2839
1317402745.799698220, 87.6348, 5.3225, 95.6419
1317402745.941108403, 88.7132, 5.35507, 95.9959
1317402746.042009296, 89.7472, 5.38594, 96.3205
1317402746.112653325, 90.7901, 5.41647, 96.655
1317402746.213493333, 91.8598, 5.44748, 97.0299
1317402746.354621294, 92.9242, 5.47795, 97.4019
1317402746.456891443, 93.9817, 5.50752, 97.7319
1317402746.527469426, 95.041, 5.53771, 98.1338
1317402746.628360188, 96.1763, 5.56746, 98.4437
1317402746.769757387, 97.2283, 5.59626, 98.7817
1317402746.872016287, 98.2735, 5.6255, 99.1783
1317402746.942662671, 99.3695, 5.65463, 99.5366
1317402747.043540776, 100.366, 5.68288, 99.9368
1317402747.184915963, 101.352, 5.71076, 100.347
1317402747.285835883, 102.335, 5.73823, 100.765
1317402747.356569255, 103.331, 5.76498, 101.129
1317402747.467446968, 104.311, 5.79165, 101.529
1317402747.599381553, 105.292, 5.81822, 101.943
1317402747.700382174, 106.255, 5.84493, 102.388
1317402747.781171726, 107.19, 5.87064, 102.782
1317402747.882025061, 108.146, 5.89704, 103.244
1317402748.014707736, 109.094, 5.92272, 103.69
1317402748.115737119, 110.06, 5.94928, 104.215
1317402748.196540999, 110.957, 5.97488, 104.713
1317402748.297398309, 111.872, 6.00127, 105.245
1317402748.429934325, 112.747, 6.02675, 105.73
1317402748.530875863, 113.612, 6.05269, 106.273
1317402748.611543772, 114.488, 6.07861, 106.825
1317402748.712433816, 115.262, 6.10336, 107.36
1317402748.845110556, 116.06, 6.12809, 107.901
1317402748.946135359, 116.856, 6.15257, 108.449
1317402749.016807901, 117.631, 6.17677, 109.003
1317402749.127665325, 118.435, 6.20061, 109.538
1317402749.260044400, 119.145, 6.22346, 110.05
1317402749.350835979, 119.892, 6.24683, 110.611
1317402749.441590375, 120.688, 6.27001, 111.18
1317402749.542423174, 121.417, 6.29203, 111.709
1317402749.675223757, 122.173, 6.31364, 112.236
1317402749.775979052, 122.9, 6.33477, 112.77
1317402749.846632888, 123.591, 6.35436, 113.235
1317402749.987981041, 124.284, 6.37443, 113.765
1317402750.090576330, 124.999, 6.39377, 114.299
1317402750.181557095, 125.626, 6.41241, 114.804
1317402750.272237571, 126.332, 6.43035, 115.341
1317402750.372971850, 126.98, 6.44814, 115.89
1317402750.505826047, 127.578, 6.46542, 116.427
1317402750.596581831, 128.21, 6.48195, 116.99
1317402750.677295944, 128.814, 6.49908, 117.605
1317402750.818703605, 129.412, 6.51412, 118.148
1317402750.920982968, 129.978, 6.52917, 118.713
1317402751.022179414, 130.561, 6.54447, 119.348
1317402751.092776780, 131.116, 6.5591, 119.975
1317402751.203599924, 131.657, 6.57299, 120.608
1317402751.325451302, 132.206, 6.586, 121.253
1317402751.436378822, 132.728, 6.59835, 121.879
1317402751.507054093, 133.231, 6.60971, 122.48
1317402751.617843925, 133.763, 6.62027, 123.143
1317402751.749315389, 134.335, 6.62839, 123.797
1317402751.850356760, 134.848, 6.63815, 124.511
1317402751.921055131, 135.376, 6.64719, 125.27
1317402752.032028193, 135.932, 6.65611, 126.131
1317402752.163421306, 136.403, 6.66443, 126.868
1317402752.274572913, 136.925, 6.66995, 127.593
1317402752.345301909, 137.457, 6.67289, 128.251
1317402752.446324613, 137.974, 6.67666, 129.025
1317402752.577527014, 138.51, 6.67825, 129.809
1317402752.678492817, 139.003, 6.68033, 130.619
1317402752.759293757, 139.541, 6.67892, 131.422
1317402752.860118304, 140.009, 6.67868, 132.22
1317402752.991525887, 140.542, 6.67387, 133.022
1317402753.092587954, 141.027, 6.66972, 133.824
1317402753.173102538, 141.51, 6.6644, 134.64
1317402753.273684927, 142.014, 6.65717, 135.488
1317402753.404899108, 142.535, 6.64809, 136.366
1317402753.516100612, 143.048, 6.63823, 137.244
1317402753.586682177, 143.495, 6.63001, 138.062
1317402753.687545030, 143.959, 6.62021, 138.951
1317402753.828916567, 144.417, 6.60988, 139.882
1317402753.929914850, 144.859, 6.5991, 140.851
1317402754.000561966, 145.274, 6.58863, 141.828
1317402754.102924134, 145.703, 6.57597, 142.843
1317402754.214063315, 146.078, 6.56479, 143.867
1317402754.345357328, 146.406, 6.55448, 144.93
1317402754.416057733, 146.747, 6.54157, 145.991
1317402754.516820751, 147.061, 6.52838, 147.061
1317402754.627931580, 147.378, 6.51309, 148.16
1317402754.759296466, 147.648, 6.49942, 149.215
1317402754.829839960, 147.914, 6.48347, 150.375
1317402754.940749808, 148.157, 6.46759, 151.527
1317402755.052244763, 148.351, 6.45353, 152.635
1317402755.183603126, 148.52, 6.43843, 153.828
1317402755.254248363, 148.691, 6.42204, 154.963
1317402755.355089958, 148.822, 6.40582, 156.162
1317402755.455998945, 148.975, 6.38613, 157.38
1317402755.587508655, 149.095, 6.36825, 158.557
1317402755.668273184, 149.17, 6.35023, 159.81
1317402755.769447252, 149.242, 6.33091, 161.114
1317402755.900753965, 149.324, 6.30894, 162.484
1317402756.001874338, 149.321, 6.29511, 163.731
1317402756.082638448, 149.36, 6.27594, 165.085
1317402756.183460688, 149.338, 6.26081, 166.451
1317402756.314802707, 149.241, 6.25143, 167.834
1317402756.415968018, 149.139, 6.24244, 169.223
1317402756.496644096, 149.041, 6.23295, 170.637
1317402756.597494703, 148.926, 6.2254, 172.035
1317402756.728884453, 148.778, 6.22157, 173.408
1317402756.819720724, 148.674, 6.21694, 174.672
1317402756.910568214, 148.512, 6.21646, 175.984
1317402757.011422796, 148.303, 6.21967, 177.331
1317402757.112193524, 148.04, 6.22726, 178.72
1317402757.253550285, 147.784, 6.23509, 180.107
1317402757.324145984, 147.496, 6.24569, 181.514
1317402757.425129648, 147.174, 6.26188, 182.86
1317402757.546063704, 146.832, 6.28145, 184.18
1317402757.668271466, 146.517, 6.30004, 185.483
1317402757.748877205, 146.079, 6.32997, 186.871
1317402757.849753711, 145.634, 6.3625, 188.232
1317402757.970990229, 145.168, 6.39885, 189.559
1317402758.082319769, 144.626, 6.44379, 190.915
1317402758.152928105, 144.081, 6.49034, 192.27
1317402758.263740674, 143.479, 6.54429, 193.631
1317402758.364797579, 142.844, 6.60447, 194.924
1317402758.496220688, 142.194, 6.668, 196.194
1317402758.566634664, 141.472, 6.74024, 197.556
1317402758.677328962, 140.707, 6.82001, 198.85
1317402758.808438440, 139.947, 6.90155, 200.111
1317402758.909536956, 139.152, 6.98889, 201.341
1317402758.980131010, 138.341, 7.07997, 202.562
1317402759.091121496, 137.471, 7.17896, 203.809
1317402759.222623929, 136.612, 7.27856, 205.02
1317402759.323461064, 135.678, 7.38965, 206.212
1317402759.404156532, 134.707, 7.50687, 207.412
1317402759.505112468, 133.735, 7.62627, 208.59
1317402759.636428713, 132.789, 7.74366, 209.778
1317402759.737378213, 131.818, 7.8657, 210.943
1317402759.818232720, 130.81, 7.99491, 212.033
1317402759.919258339, 129.771, 8.13001, 213.078
1317402760.050502281, 128.751, 8.26486, 214.067
1317402760.151439157, 127.722, 8.40167, 215.051
1317402760.232134430, 126.693, 8.53932, 216.026
1317402760.333149025, 125.68, 8.6767, 216.939
1317402760.464522430, 124.65, 8.81701, 217.826
1317402760.565570701, 123.573, 8.96429, 218.691
1317402760.646194053, 122.504, 9.11212, 219.489
1317402760.757049768, 121.399, 9.26671, 220.237
1317402760.868143216, 120.324, 9.41778, 220.969
1317402760.989464518, 119.209, 9.57372, 221.71
1317402761.060148868, 118.089, 9.73106, 222.423
1317402761.171082797, 116.987, 9.88664, 223.102
1317402761.302371148, 115.877, 10.0444, 223.755
1317402761.393270731, 114.788, 10.2007, 224.377
1317402761.473926887, 113.686, 10.3608, 224.975
1317402761.615160447, 112.597, 10.5206, 225.552
1317402761.716092426, 111.493, 10.6841, 226.103
1317402761.818226034, 110.393, 10.8483, 226.633
1317402761.888851238, 109.241, 11.0224, 227.131
1317402762.009827098, 108.106, 11.1945, 227.611
1317402762.131136303, 106.954, 11.3723, 228.045
1317402762.233038046, 105.847, 11.5432, 228.467
1317402762.303620324, 104.738, 11.715, 228.881
1317402762.404507308, 103.637, 11.8873, 229.268
1317402762.545891864, 102.538, 12.0613, 229.627
1317402762.647970323, 101.412, 12.2417, 229.957
1317402762.718685275, 100.282, 12.4221, 230.288
1317402762.829747977, 99.1724, 12.599, 230.618
1317402762.981231212, 98.0683, 12.7774, 230.915
1317402763.052571782, 96.997, 12.9514, 231.194
1317402763.133172717, 95.9444, 13.1238, 231.45
1317402763.284583783, 94.9205, 13.2913, 231.709
1317402763.375540787, 93.8946, 13.4593, 231.963
1317402763.477577929, 92.8335, 13.6338, 232.207
1317402763.558241088, 91.784, 13.8055, 232.461
1317402763.679458143, 90.7714, 13.9726, 232.694
1317402763.770485585, 89.7755, 14.1364, 232.93
1317402763.892388440, 88.7787, 14.2992, 233.168
1317402763.963055612, 87.7823, 14.4613, 233.407
1317402764.074341973, 86.7714, 14.6253, 233.646
1317402764.205906543, 85.7719, 14.7865, 233.887
1317402764.296749842, 84.8046, 14.9424, 234.127
1317402764.377549524, 83.8417, 15.0975, 234.363
1317402764.478312772, 82.8795, 15.2499, 234.619
1317402764.619877605, 81.8949, 15.4047, 234.883
1317402764.711340930, 80.9364, 15.5568, 235.128
1317402764.792011852, 79.967, 15.7105, 235.37
1317402764.923285346, 79.0147, 15.8606, 235.615
1317402765.034332042, 78.0828, 16.0058, 235.869
1317402765.135387509, 77.1343, 16.1514, 236.14
1317402765.205797376, 76.2042, 16.2933, 236.416
1317402765.347038640, 75.3003, 16.4284, 236.71
1317402765.468341933, 74.3918, 16.5646, 236.995
1317402765.538962710, 73.4966, 16.6981, 237.277
1317402765.619779975, 72.5913, 16.8311, 237.575
1317402765.730753711, 71.6924, 16.9614, 237.883
1317402765.863200338, 70.7814, 17.0913, 238.207
1317402765.964145949, 69.8881, 17.2172, 238.536
1317402766.034743230, 69.0017, 17.3409, 238.87
1317402766.166259798, 68.1007, 17.4679, 239.194
1317402766.278299625, 67.2057, 17.5914, 239.534
1317402766.379294584, 66.33, 17.7105, 239.878
1317402766.449768724, 65.4628, 17.8269, 240.229
1317402766.560748707, 64.604, 17.9405, 240.59
1317402766.693219808, 63.7523, 18.0529, 240.949
1317402766.774210924, 62.9054, 18.1628, 241.322
1317402766.865115430, 62.0556, 18.2722, 241.702
1317402767.016596398, 61.2161, 18.3813, 242.069
1317402767.108127376, 60.3839, 18.4866, 242.455
1317402767.209156440, 59.5359, 18.5943, 242.843
1317402767.289780150, 58.6904, 18.7017, 243.228
1317402767.421026865, 57.8304, 18.8103, 243.621
1317402767.522030132, 56.9664, 18.9185, 244.022
1317402767.623011887, 56.0929, 19.0281, 244.426
1317402767.703833194, 55.2317, 19.1373, 244.814
1317402767.815047476, 54.358, 19.245, 245.231
1317402767.936207481, 53.4838, 19.3516, 245.655
1317402768.037337312, 52.5947, 19.4595, 246.088
1317402768.118038728, 51.7303, 19.5664, 246.495
1317402768.249572150, 50.8626, 19.6706, 246.928
1317402768.350489430, 49.9812, 19.777, 247.361
1317402768.461541282, 49.0831, 19.8845, 247.805
1317402768.532080910, 48.1907, 19.9889, 248.267
1317402768.633627513, 47.3041, 20.0908, 248.743
1317402768.774921242, 46.4482, 20.19, 249.199
1317402768.865788899, 45.5917, 20.2857, 249.685
1317402768.946482232, 44.7347, 20.382, 250.168
1317402769.077920473, 43.8944, 20.4735, 250.67
1317402769.178989132, 43.0588, 20.561, 251.196
1317402769.290304098, 42.2529, 20.6436, 251.72
1317402769.360922471, 41.4154, 20.73, 252.255
1317402769.481882017, 40.5886, 20.813, 252.805
1317402769.592962319, 39.7765, 20.8939, 253.347
1317402769.694025625, 38.9488, 20.9753, 253.907
1317402769.774969397, 38.1258, 21.0534, 254.486
1317402769.906304306, 37.325, 21.1276, 255.065
1317402770.007348052, 36.5468, 21.1978, 255.644
1317402770.108321660, 35.7739, 21.2659, 256.232
1317402770.189088920, 35.0006, 21.3324, 256.831
1317402770.330546068, 34.2364, 21.3967, 257.434
1317402770.431324617, 33.4872, 21.4575, 258.046
1317402770.532758198, 32.7369, 21.5205, 258.639
1317402770.603273358, 32.0085, 21.5757, 259.263
1317402770.704177910, 31.2813, 21.63, 259.89
1317402770.835483310, 30.5833, 21.6802, 260.506
1317402770.947730720, 29.8823, 21.7281, 261.143
1317402771.018248256, 29.2014, 21.7718, 261.784
1317402771.139537203, 28.5262, 21.8132, 262.432
1317402771.260636573, 27.8637, 21.8526, 263.075
1317402771.362922497, 27.18, 21.8915, 263.747
1317402771.433577521, 26.4942, 21.9305, 264.415
1317402771.574783773, 25.8142, 21.9675, 265.088
1317402771.665862576, 25.1552, 21.9991, 265.776
1317402771.787726501, 24.5042, 22.0284, 266.468
1317402771.858319979, 23.8574, 22.0559, 267.164
1317402771.949063171, 23.2105, 22.0859, 267.834
1317402772.090761210, 22.5488, 22.1144, 268.524
1317402772.182605238, 21.9097, 22.1375, 269.223
1317402772.263298347, 21.2767, 22.1592, 269.919
1317402772.415088360, 20.6468, 22.1795, 270.616
1317402772.495903750, 20.0241, 22.1968, 271.319
1317402772.608335575, 19.3873, 22.2144, 272.029
1317402772.678969694, 18.7612, 22.2293, 272.745
1317402772.789896637, 18.1321, 22.2426, 273.472
1317402772.921342995, 17.4861, 22.2573, 274.2
1317402773.012954876, 16.8462, 22.2714, 274.915
1317402773.093640181, 16.2294, 22.2808, 275.633
1317402773.234891898, 15.5856, 22.2903, 276.37
1317402773.325877976, 14.9461, 22.2976, 277.112
1317402773.436955150, 14.3224, 22.305, 277.825
1317402773.507534346, 13.6641, 22.3142, 278.553
1317402773.659095569, 13.0226, 22.3219, 279.265
1317402773.719797991, 12.3665, 22.3289, 279.995
1317402773.841263731, 11.7123, 22.3401, 280.725
1317402773.921942455, 11.0517, 22.3482, 281.466
1317402774.063466189, 10.3845, 22.3562, 282.201
1317402774.154322072, 9.71848, 22.3623, 282.935
1317402774.265356473, 9.04448, 22.3633, 283.697
1317402774.346102351, 8.40263, 22.3616, 284.432
1317402774.477376756, 7.76212, 22.3569, 285.171
1317402774.578439128, 7.11994, 22.348, 285.924
1317402774.679545174, 6.48524, 22.3378, 286.665
1317402774.760440954, 5.86991, 22.3228, 287.407
1317402774.891965169, 5.24696, 22.3059, 288.153
1317402774.992881970, 4.61649, 22.2878, 288.901
1317402775.093897134, 4.01512, 22.264, 289.646
1317402775.174630965, 3.40896, 22.2352, 290.413
1317402775.306065445, 2.81425, 22.2015, 291.185
1317402775.407102941, 2.21914, 22.1648, 291.964
1317402775.508026489, 1.63417, 22.1235, 292.749
1317402775.588734639, 1.05759, 22.0785, 293.54
1317402775.689723115, 0.475896, 22.0322, 294.331
1317402775.801084083, -0.090116, 21.9813, 295.128
1317402775.952092863, -0.630869, 21.9256, 295.923
1317402776.002609362, -1.17753, 21.8701, 296.712
1317402776.123759464, -1.7177, 21.8077, 297.526
1317402776.234761433, -2.25776, 21.7405, 298.355
1317402776.335598308, -2.77997, 21.6653, 299.205
1317402776.416177665, -3.29882, 21.5843, 300.073
1317402776.547218497, -3.82114, 21.4974, 300.962
1317402776.648272114, -4.33484, 21.4022, 301.878
1317402776.759521800, -4.83227, 21.3001, 302.807
1317402776.830575025, -5.31334, 21.1956, 303.729
1317402776.941638382, -5.79017, 21.0897, 304.645
1317402777.062912909, -6.24447, 20.9773, 305.571
1317402777.163619144, -6.69215, 20.8665, 306.473
1317402777.244217501, -7.1352, 20.7515, 307.384
1317402777.385598957, -7.5789, 20.6264, 308.333
1317402777.486526303, -7.99799, 20.4969, 309.28
1317402777.557196333, -8.42327, 20.363, 310.242
1317402777.658160005, -8.84551, 20.223, 311.223
1317402777.789657853, -9.25169, 20.081, 312.196
1317402777.880498346, -9.63692, 19.9337, 313.175
1317402778.003189048, -10.0125, 19.7833, 314.154
1317402778.073829160, -10.4119, 19.6251, 315.174
1317402778.235498535, -10.8001, 19.4605, 316.208
1317402778.326445465, -11.1798, 19.2958, 317.228
1317402778.417943911, -11.5487, 19.1266, 318.253
1317402778.488515625, -11.9078, 18.9533, 319.283
1317402778.629804855, -12.2634, 18.777, 320.318
1317402778.730681526, -12.6022, 18.5962, 321.358
1317402778.831565454, -12.9542, 18.4125, 322.413
1317402778.902208891, -13.3022, 18.2228, 323.489
1317402779.013233707, -13.6569, 18.0342, 324.561
1317402779.145369280, -14.0136, 17.843, 325.64
1317402779.246329395, -14.3692, 17.6528, 326.712
1317402779.316975737, -14.7128, 17.461, 327.781
1317402779.438019619, -15.0567, 17.2665, 328.859
1317402779.560440467, -15.3953, 17.0692, 329.945
1317402779.661328715, -15.7515, 16.8666, 331.061
1317402779.731939359, -16.0884, 16.6662, 332.155
1317402779.842844612, -16.4286, 16.4684, 333.237
1317402779.975159384, -16.7487, 16.2682, 334.317
1317402780.075924548, -17.0643, 16.0657, 335.403
1317402780.146489857, -17.3711, 15.8592, 336.499
1317402780.277940126, -17.6648, 15.6497, 337.598
1317402780.400251351, -17.9315, 15.4403, 338.679
1317402780.481093341, -18.1834, 15.228, 339.763
1317402780.561708993, -18.4151, 15.0082, 340.865
1317402780.672687407, -18.6344, 14.792, 341.943
1317402780.804896637, -18.8478, 14.5722, 343.031
1317402780.905744106, -19.0287, 14.3444, 344.134
1317402780.976336943, -19.201, 14.1193, 345.221
1317402781.117690664, -19.3533, 13.8893, 346.316
1317402781.199020792, -19.4941, 13.6601, 347.402
1317402781.320009297, -19.6324, 13.4278, 348.497
1317402781.400603597, -19.7477, 13.1959, 349.576
1317402781.531680621, -19.8631, 12.963, 350.657
1317402781.632777543, -19.9678, 12.7296, 351.734
1317402781.733853750, -20.0683, 12.4978, 352.801
1317402781.814362244, -20.1668, 12.2642, 353.875
1317402781.935829746, -20.2537, 12.0258, 354.961
1317402782.047068742, -20.3374, 11.7876, 356.045
1317402782.158271807, -20.4142, 11.5519, 357.115
1317402782.228944987, -20.4732, 11.3169, 358.172
1317402782.361613522, -20.5226, 11.0806, 359.23
1317402782.462475140, -20.5632, 10.84, 360.299
1317402782.563437105, -20.5958, 10.5978, 361.368
1317402782.644084959, -20.6198, 10.3545, 362.437
1317402782.776641248, -20.6235, 10.1109, 363.498
1317402782.877735273, -20.6314, 9.8677, 364.559
1317402782.988860109, -20.6381, 9.63347, 365.585
1317402783.059489499, -20.6445, 9.40416, 366.59
1317402783.191709039, -20.6543, 9.16525, 367.635
1317402783.292812650, -20.6676, 8.92917, 368.671
1317402783.394052308, -20.6921, 8.70078, 369.681
1317402783.474744253, -20.7235, 8.4764, 370.678
1317402783.576121320, -20.7778, 8.25907, 371.658
1317402783.707385523, -20.8313, 8.04602, 372.62
1317402783.808349270, -20.8917, 7.83419, 373.582
1317402783.889108540, -20.9584, 7.63046, 374.513
1317402783.989969906, -21.0216, 7.4288, 375.435
1317402784.131416340, -21.0707, 7.2222, 376.368
1317402784.212198477, -21.1179, 7.01578, 377.298
1317402784.303067445, -21.1592, 6.81207, 378.214
1317402784.434326394, -21.1886, 6.60338, 379.142
1317402784.535467079, -21.1962, 6.39184, 380.07
1317402784.636665551, -21.2007, 6.17972, 380.997
1317402784.717305180, -21.1807, 5.96793, 381.911
1317402784.838437025, -21.1372, 5.75344, 382.824
1317402784.959592970, -21.0812, 5.54059, 383.724
1317402785.030326587, -20.9932, 5.32406, 384.623
1317402785.131238865, -20.8785, 5.10379, 385.524
1317402785.262634046, -20.7415, 4.88051, 386.426
1317402785.353508342, -20.5892, 4.6558, 387.329
1317402785.474751178, -20.404, 4.43268, 388.211
1317402785.545500114, -20.1854, 4.20928, 389.081
1317402785.646321879, -19.9431, 3.98826, 389.937
1317402785.757378035, -19.6571, 3.75794, 390.814
1317402785.888600516, -19.3579, 3.53929, 391.642
1317402785.959218180, -19.0317, 3.31365, 392.488
1317402786.090592946, -18.709, 3.09476, 393.31
1317402786.171399951, -18.3387, 2.86809, 394.142
1317402786.312651192, -17.9709, 2.64133, 394.977
1317402786.393332843, -17.5969, 2.41125, 395.821
1317402786.484040537, -17.2212, 2.17862, 396.676
1317402786.616289211, -16.8223, 1.94252, 397.535
1317402786.717103785, -16.4145, 1.69987, 398.418
1317402786.787628612, -16.0074, 1.45837, 399.298
1317402786.918653634, -15.6071, 1.21542, 400.189
1317402787.029701497, -15.2116, 0.974031, 401.078
1317402787.130711853, -14.8083, 0.731534, 401.971
1317402787.211372065, -14.4012, 0.483932, 402.887
1317402787.342432134, -13.9901, 0.234081, 403.815
1317402787.443385624, -13.5793, -0.015039, 404.743
1317402787.524077679, -13.1576, -0.266606, 405.68
1317402787.624803582, -12.727, -0.524349, 406.642
1317402787.745748283, -12.311, -0.779338, 407.601
1317402787.866905350, -11.87, -1.04127, 408.58
1317402787.968034386, -11.4311, -1.30398, 409.566
1317402788.038606543, -10.9824, -1.56725, 410.552
1317402788.169862684, -10.5403, -1.83092, 411.545
1317402788.270840284, -10.0892, -2.09212, 412.526
1317402788.381990013, -9.63442, -2.35328, 413.511
1317402788.452617774, -9.17648, -2.61521, 414.503
1317402788.583917953, -8.71672, -2.87645, 415.494
1317402788.694983371, -8.22732, -3.13249, 416.456
1317402788.796314854, -7.72155, -3.39337, 417.439
1317402788.866928804, -7.19547, -3.65366, 418.417
1317402788.988089010, -6.68021, -3.90942, 419.384
1317402789.099064168, -6.13937, -4.16404, 420.34
1317402789.209885264, -5.61407, -4.41373, 421.285
1317402789.280435448, -5.0751, -4.65966, 422.21
1317402789.411701994, -4.53905, -4.90719, 423.15
1317402789.502394884, -3.98143, -5.15365, 424.083
1317402789.623691703, -3.42308, -5.39769, 425.007
1317402789.694155163, -2.86104, -5.6424, 425.938
1317402789.835479577, -2.30814, -5.88196, 426.851
1317402789.936409392, -1.75936, -6.1168, 427.75
1317402790.037429529, -1.17525, -6.35773, 428.666
1317402790.107967177, -0.603727, -6.59837, 429.59
1317402790.249553880, -0.0202514, -6.83555, 430.497
1317402790.350577425, 0.566616, -7.07142, 431.402
1317402790.471728823, 1.17149, -7.30575, 432.298
1317402790.532247132, 1.78176, -7.53605, 433.178
1317402790.633502703, 2.39247, -7.76784, 434.067
1317402790.761466579, 3.00072, -8.00392, 434.978
1317402790.872789738, 3.60101, -8.23458, 435.867
1317402790.943522364, 4.19661, -8.46242, 436.747
1317402791.085042767, 4.79279, -8.69053, 437.627
1317402791.175865941, 5.39025, -8.92239, 438.524
1317402791.287652040, 5.99337, -9.15784, 439.435
1317402791.358207010, 6.61028, -9.3949, 440.351
1317402791.489401951, 7.22648, -9.6316, 441.266
1317402791.600280240, 7.84488, -9.86551, 442.169
1317402791.691225350, 8.45146, -10.1011, 443.081
1317402791.771957419, 9.069, -10.3348, 443.982
1317402791.923469029, 9.692, -10.5685, 444.879
1317402792.004245870, 10.3103, -10.8039, 445.783
1317402792.115253090, 10.9261, -11.0411, 446.693
1317402792.185781976, 11.5314, -11.273, 447.579
1317402792.327209044, 12.1325, -11.5092, 448.48
1317402792.429295440, 12.7485, -11.7436, 449.367
1317402792.530368683, 13.3511, -11.9779, 450.253
1317402792.601019167, 13.9556, -12.2171, 451.153
1317402792.742555515, 14.5619, -12.4609, 452.068
1317402792.843799663, 15.1497, -12.6982, 452.956
1317402792.944608925, 15.7383, -12.9383, 453.851
1317402793.015170157, 16.3311, -13.1779, 454.739
1317402793.146337662, 16.9079, -13.4123, 455.605
1317402793.257422960, 17.4843, -13.648, 456.471
1317402793.358274478, 18.0728, -13.8874, 457.342
1317402793.438929790, 18.6465, -14.1298, 458.225
1317402793.570546020, 19.2081, -14.3674, 459.087
1317402793.671537491, 19.7842, -14.6028, 459.932
1317402793.772523727, 20.3295, -14.8406, 460.788
1317402793.853194028, 20.8873, -15.0787, 461.639
1317402793.995388371, 21.4393, -15.3142, 462.475
1317402794.086240691, 21.9918, -15.5518, 463.315
1317402794.177200868, 22.5446, -15.7906, 464.156
1317402794.267721910, 23.1082, -16.0286, 464.986
1317402794.400370335, 23.6659, -16.2676, 465.817
1317402794.481382737, 24.2248, -16.5064, 466.642
1317402794.612636265, 24.7693, -16.7472, 467.472
1317402794.683079930, 25.3113, -16.9876, 468.297
1317402794.815100829, 25.8554, -17.2277, 469.115
1317402794.916021808, 26.3895, -17.4639, 469.918
1317402795.017194840, 26.9423, -17.696, 470.699
1317402795.097870436, 27.4984, -17.9281, 471.475
1317402795.230005217, 28.0442, -18.1612, 472.252
1317402795.330925628, 28.5803, -18.3936, 473.024
1317402795.421877804, 29.1134, -18.6306, 473.809
1317402795.512406600, 29.6394, -18.8676, 474.59
1317402795.613838098, 30.1695, -19.1004, 475.352
1317402795.714499189, 30.7061, -19.3274, 476.087
1317402795.855960853, 31.2151, -19.5538, 476.82
1317402795.926559012, 31.7567, -19.7865, 477.561
1317402796.058030729, 32.287, -20.0232, 478.312
1317402796.159227713, 32.8078, -20.2576, 479.051
1317402796.270337032, 33.3265, -20.4949, 479.795
1317402796.340806234, 33.8451, -20.7309, 480.529
1317402796.472403357, 34.3449, -20.9572, 481.23
1317402796.573299682, 34.8531, -21.19, 481.945
1317402796.684281653, 35.3705, -21.4262, 482.664
1317402796.754783750, 35.8895, -21.6609, 483.375
1317402796.885809691, 36.4097, -21.8968, 484.085
1317402796.986953802, 36.9004, -22.1254, 484.773
1317402797.098132666, 37.398, -22.3506, 485.446
1317402797.168567915, 37.875, -22.5702, 486.103
1317402797.300048373, 38.3465, -22.7845, 486.741
1317402797.411259855, 38.8126, -22.9968, 487.372
1317402797.522306430, 39.257, -23.2091, 488.004
1317402797.602964749, 39.7143, -23.413, 488.607
1317402797.683714394, 40.1545, -23.6254, 489.236
1317402797.825412721, 40.5958, -23.8333, 489.85
1317402797.926736315, 41.0394, -24.0412, 490.462
1317402797.997238892, 41.4913, -24.2474, 491.067
1317402798.148595850, 41.9301, -24.4582, 491.686
1317402798.249429356, 42.3576, -24.6709, 492.311
1317402798.330015710, 42.7979, -24.8868, 492.941
1317402798.420850616, 43.2307, -25.1046, 493.575
1317402798.552057950, 43.6549, -25.3177, 494.195
1317402798.654358798, 44.0516, -25.5332, 494.823
1317402798.755334339, 44.4262, -25.7561, 495.473
1317402798.825782814, 44.7884, -25.981, 496.128
1317402798.936557302, 45.0982, -26.2111, 496.803
1317402799.068083838, 45.4246, -26.4438, 497.479
1317402799.169111657, 45.758, -26.6764, 498.151
1317402799.249698864, 46.061, -26.9138, 498.84
1317402799.350919697, 46.3624, -27.1452, 499.509
1317402799.482645871, 46.6184, -27.385, 500.208
1317402799.563674122, 46.8557, -27.6305, 500.924
1317402799.664531152, 47.0777, -27.8777, 501.645
1317402799.796707819, 47.2761, -28.1285, 502.377
1317402799.897584569, 47.4652, -28.3751, 503.097
1317402799.998599587, 47.6519, -28.6214, 503.815
1317402800.079301792, 47.7919, -28.8725, 504.552
1317402800.200538049, 47.9323, -29.1301, 505.306
1317402800.311628412, 48.0607, -29.3852, 506.053
1317402800.422705152, 48.156, -29.6434, 506.812
1317402800.493146111, 48.2425, -29.9021, 507.572
1317402800.593965047, 48.3263, -30.1687, 508.354
1317402800.694763752, 48.3943, -30.4374, 509.143
1317402800.836190775, 48.4512, -30.7029, 509.924
1317402800.906806196, 48.4822, -30.9759, 510.728
1317402801.037975804, 48.4954, -31.2522, 511.543
1317402801.138881975, 48.4917, -31.5313, 512.367
1317402801.219494610, 48.4613, -31.8109, 513.195
1317402801.320086424, 48.4373, -32.0901, 514.021
1317402801.430989542, 48.3915, -32.358, 514.816
1317402801.531778913, 48.3274, -32.6268, 515.615
1317402801.632545178, 48.2537, -32.8933, 516.409
1317402801.733251781, 48.1534, -33.1671, 517.226
1317402801.874435510, 48.0444, -33.4425, 518.047
1317402801.965295051, 47.9207, -33.7146, 518.861
1317402802.076360624, 47.7898, -33.9814, 519.663
1317402802.146938906, 47.6377, -34.2445, 520.457
1317402802.278163531, 47.4692, -34.51, 521.258
1317402802.389197224, 47.2551, -34.7676, 522.04
1317402802.490282335, 46.9956, -35.0342, 522.852
1317402802.571057393, 46.7107, -35.2996, 523.661
1317402802.681879498, 46.4343, -35.5607, 524.458
1317402802.803167911, 46.1075, -35.8182, 525.247
1317402802.904150151, 45.7893, -36.0586, 525.988
1317402802.984866483, 45.433, -36.3001, 526.734
1317402803.085994210, 45.0916, -36.5322, 527.452
1317402803.217281991, 44.7206, -36.7691, 528.185
1317402803.318150650, 44.3364, -37.0014, 528.905
1317402803.398903287, 43.9363, -37.2408, 529.647
1317402803.531421735, 43.5135, -37.4784, 530.383
1317402803.642480859, 43.0811, -37.7089, 531.098
1317402803.743548073, 42.6138, -37.9367, 531.806
1317402803.814257373, 42.1494, -38.1621, 532.505
1317402803.946583237, 41.6702, -38.3843, 533.194
1317402804.037363596, 41.1634, -38.604, 533.875
1317402804.148345282, 40.6561, -38.818, 534.539
1317402804.229052225, 40.1303, -39.0357, 535.21
1317402804.330562176, 39.5662, -39.252, 535.877
1317402804.461826188, 38.9751, -39.4562, 536.509
1317402804.562836064, 38.3495, -39.6664, 537.157
1317402804.643341579, 37.7135, -39.8792, 537.811
1317402804.744356945, 37.0568, -40.0869, 538.448
1317402804.875765849, 36.3618, -40.2837, 539.052
1317402804.956507052, 35.6796, -40.4785, 539.65
1317402805.057423434, 34.9735, -40.6686, 540.232
1317402805.188853742, 34.2688, -40.8568, 540.808
1317402805.289923384, 33.5221, -41.0424, 541.374
1317402805.390829317, 32.7464, -41.231, 541.946
1317402805.471463062, 31.9738, -41.4048, 542.475
1317402805.572311666, 31.1642, -41.5806, 543.007
1317402805.672965182, 30.3696, -41.7475, 543.513
1317402805.793839826, 29.5362, -41.91, 544.003
1317402805.884623292, 28.684, -42.0618, 544.462
1317402805.985742390, 27.8119, -42.2069, 544.899
1317402806.127063560, 26.9226, -42.3448, 545.313
1317402806.228661289, 26.0403, -42.4786, 545.714
1317402806.299334389, 25.1347, -42.6043, 546.089
1317402806.400295733, 24.2015, -42.7218, 546.435
1317402806.551690330, 23.2745, -42.838, 546.776
1317402806.643585995, 22.3177, -42.9447, 547.085
1317402806.713989457, 21.3467, -43.0514, 547.39
1317402806.824859179, 20.3778, -43.1518, 547.674
1317402806.956332001, 19.3972, -43.2409, 547.922
1317402807.047583735, 18.3989, -43.3243, 548.15
1317402807.128294717, 17.3949, -43.4011, 548.356
1317402807.229377209, 16.3642, -43.4721, 548.541
1317402807.370930255, 15.3401, -43.538, 548.709
1317402807.472972435, 14.3046, -43.5973, 548.854
1317402807.543473464, 13.2712, -43.6534, 548.988
1317402807.644601745, 12.2171, -43.7037, 549.102
1317402807.786174090, 11.1507, -43.7469, 549.193
1317402807.887264237, 10.0679, -43.7828, 549.259
1317402807.957792015, 8.99692, -43.8111, 549.304
1317402808.058516234, 7.92446, -43.8316, 549.325
1317402808.199833257, 6.84487, -43.8458, 549.325
1317402808.312292610, 5.76596, -43.8534, 549.303
1317402808.382926243, 4.66735, -43.8533, 549.256
1317402808.473589488, 3.56216, -43.8489, 549.192
1317402808.614933417, 2.47134, -43.8386, 549.11
1317402808.705991338, 1.36833, -43.8269, 549.021
1317402808.786716603, 0.263385, -43.8073, 548.905
1317402808.897536398, -0.845144, -43.793, 548.805
1317402809.028914548, -2.00461, -43.7776, 548.695
1317402809.119744365, -3.16736, -43.7664, 548.596
1317402809.200396935, -4.31643, -43.7528, 548.488
1317402809.341589088, -5.47613, -43.7394, 548.375
1317402809.422406140, -6.63354, -43.7258, 548.259
1317402809.543637577, -7.79982, -43.7143, 548.144
1317402809.614136212, -8.96202, -43.7026, 548.025
1317402809.755526435, -10.1371, -43.6878, 547.892
1317402809.846582476, -11.324, -43.6764, 547.767
1317402809.957819058, -12.5127, -43.6656, 547.642
1317402810.028388706, -13.6884, -43.6561, 547.523
1317402810.169824312, -14.9057, -43.6419, 547.381
1317402810.251317609, -16.1116, -43.6318, 547.252
1317402810.372602747, -17.3447, -43.6232, 547.122
1317402810.443267841, -18.5775, -43.6126, 546.982
1317402810.584403536, -19.823, -43.6007, 546.833
1317402810.654956395, -21.0849, -43.5919, 546.692
1317402810.755934555, -22.3289, -43.5864, 546.562
1317402810.867052401, -23.5972, -43.58, 546.421
1317402810.998317919, -24.8751, -43.5754, 546.281
1317402811.079456935, -26.1521, -43.5701, 546.133
1317402811.210629132, -27.4288, -43.5624, 545.975
1317402811.281226233, -28.7001, -43.5588, 545.832
1317402811.413272207, -29.9995, -43.5569, 545.688
1317402811.514280689, -31.2999, -43.552, 545.529
1317402811.625398749, -32.6023, -43.5513, 545.383
1317402811.696049721, -33.9229, -43.554, 545.242
1317402811.828303783, -35.2621, -43.5554, 545.09
1317402811.939472663, -36.5961, -43.5596, 544.946
1317402812.020114232, -37.9351, -43.5634, 544.797
1317402812.110965941, -39.2858, -43.5655, 544.637
1317402812.243205787, -40.6361, -43.5687, 544.478
1317402812.344163783, -42.0008, -43.5756, 544.326
1317402812.445110991, -43.3508, -43.5857, 544.186
1317402812.525748919, -44.7469, -43.5999, 544.05
1317402812.658187984, -46.1538, -43.6132, 543.903
1317402812.728964633, -47.553, -43.6299, 543.768
1317402812.870518661, -48.9615, -43.6461, 543.624
1317402812.941032700, -50.3807, -43.6671, 543.493
1317402813.073049810, -51.7702, -43.6854, 543.354
1317402813.174171372, -53.1637, -43.7003, 543.197
1317402813.275241507, -54.5488, -43.7179, 543.051
1317402813.355974644, -55.972, -43.7362, 542.897
1317402813.456960998, -57.3802, -43.757, 542.755
1317402813.588344451, -58.7782, -43.7753, 542.604
1317402813.689410929, -60.1942, -43.7998, 542.473
1317402813.770066824, -61.6036, -43.8219, 542.33
1317402813.901369855, -63.0103, -43.8442, 542.186
1317402814.002372567, -64.4004, -43.8686, 542.053
1317402814.113370920, -65.8004, -43.8938, 541.92
1317402814.183955099, -67.2034, -43.9192, 541.786
1317402814.284975135, -68.6116, -43.9469, 541.66
1317402814.416188871, -69.9982, -43.973, 541.528
1317402814.507058468, -71.3786, -44.0113, 541.442
1317402814.597827014, -72.7675, -44.0455, 541.331
1317402814.729190587, -74.1338, -44.0791, 541.219
1317402814.830171008, -75.4982, -44.1152, 541.115
1317402814.941298887, -76.8793, -44.1545, 541.018
1317402815.011949568, -78.2792, -44.1961, 540.924
1317402815.143280172, -79.6667, -44.2369, 540.83
1317402815.224101632, -81.042, -44.2814, 540.75
1317402815.355350016, -82.4308, -44.325, 540.66
1317402815.425839105, -83.8127, -44.3682, 540.569
1317402815.567089133, -85.1866, -44.4108, 540.474
1317402815.647728011, -86.5351, -44.4501, 540.371
1317402815.739187291, -87.9053, -44.4952, 540.283
1317402815.839987123, -89.2766, -44.5415, 540.198
1317402815.981456534, -90.6324, -44.5838, 540.098
1317402816.082231297, -92.0025, -44.627, 539.997
1317402816.183229494, -93.3333, -44.6706, 539.905
1317402816.263943245, -94.6561, -44.7132, 539.81
1317402816.395268873, -95.9777, -44.7536, 539.707
1317402816.496237891, -97.2971, -44.7928, 539.599
1317402816.607356222, -98.6274, -44.8295, 539.476
1317402816.688146656, -99.9774, -44.8697, 539.36
1317402816.809275346, -101.305, -44.9044, 539.228
1317402816.911372660, -102.622, -44.935, 539.081
1317402817.012361870, -103.917, -44.9706, 538.956
1317402817.082889226, -105.182, -45.0065, 538.839
1317402817.224202738, -106.42, -45.0355, 538.7
1317402817.326295510, -107.627, -45.0652, 538.57
1317402817.427405689, -108.833, -45.0972, 538.447
1317402817.498081181, -110.025, -45.1304, 538.33
1317402817.649638790, -111.211, -45.1616, 538.205
1317402817.730628456, -112.369, -45.1914, 538.081
1317402817.841751162, -113.481, -45.2225, 537.973
1317402817.912203214, -114.588, -45.252, 537.859
1317402818.023084556, -115.68, -45.2814, 537.746
1317402818.155765428, -116.757, -45.3141, 537.647
1317402818.256822593, -117.826, -45.3508, 537.564
1317402818.337369747, -118.861, -45.393, 537.509
1317402818.438328251, -119.866, -45.4302, 537.442
1317402818.570408886, -120.877, -45.4764, 537.406
1317402818.681524833, -121.916, -45.5282, 537.379
1317402818.752260141, -122.945, -45.5863, 537.379
1317402818.883500799, -123.961, -45.6497, 537.402
1317402818.975149001, -124.984, -45.7208, 537.452
1317402819.086274082, -125.969, -45.7904, 537.506
1317402819.166907124, -126.962, -45.8684, 537.59
1317402819.298668648, -127.975, -45.9553, 537.701
1317402819.399646776, -128.983, -46.0477, 537.833
1317402819.500864886, -129.982, -46.1461, 537.988
1317402819.571432624, -130.975, -46.2501, 538.164
1317402819.702727634, -131.959, -46.3608, 538.366
1317402819.814893654, -132.932, -46.4721, 538.57
1317402819.915696168, -133.921, -46.5933, 538.803
1317402819.986211446, -134.905, -46.7207, 539.058
1317402820.117288364, -135.894, -46.8538, 539.33
1317402820.229706578, -136.859, -46.9922, 539.629
1317402820.330687815, -137.842, -47.137, 539.945
1317402820.401292671, -138.79, -47.2918, 540.307
1317402820.512205773, -139.74, -47.4502, 540.684
1317402820.623579922, -140.686, -47.6157, 541.088
1317402820.714387916, -141.605, -47.79, 541.533
1317402820.815431099, -142.494, -47.9673, 541.996
1317402820.926487096, -143.416, -48.1596, 542.504
1317402821.057782448, -144.322, -48.3619, 543.052
1317402821.158798192, -145.207, -48.5691, 543.62
1317402821.239393802, -146.089, -48.783, 544.214
1317402821.340185556, -146.956, -49.0036, 544.835
1317402821.471456232, -147.796, -49.2242, 545.464
1317402821.572460124, -148.624, -49.4504, 546.116
1317402821.653055118, -149.427, -49.6802, 546.788
1317402821.785647594, -150.205, -49.9136, 547.479
1317402821.886730133, -150.96, -50.1514, 548.192
1317402821.987717182, -151.703, -50.4001, 548.942
1317402822.068339427, -152.422, -50.648, 549.698
1317402822.169271858, -153.124, -50.9049, 550.486
1317402822.310826322, -153.817, -51.1734, 551.314
1317402822.401594285, -154.483, -51.4438, 552.154
1317402822.482349589, -155.124, -51.7214, 553.022
1317402822.613507376, -155.743, -52.0074, 553.921
1317402822.714605425, -156.339, -52.3002, 554.845
1317402822.825797240, -156.918, -52.5936, 555.772
1317402822.896382991, -157.486, -52.8898, 556.711
1317402823.027864995, -158.03, -53.1879, 557.658
1317402823.128540339, -158.545, -53.491, 558.625
1317402823.219355902, -159.061, -53.7967, 559.6
1317402823.310080762, -159.55, -54.1053, 560.586
1317402823.410832429, -160.017, -54.4119, 561.568
1317402823.562125240, -160.497, -54.7298, 562.586
1317402823.643281803, -160.963, -55.048, 563.607
1317402823.723934169, -161.417, -55.3631, 564.622
1317402823.835249908, -161.862, -55.6847, 565.658
1317402823.966530219, -162.31, -56.0106, 566.708
1317402824.068744682, -162.748, -56.336, 567.759
1317402824.139263666, -163.174, -56.6591, 568.804
1317402824.260639794, -163.588, -56.9772, 569.835
1317402824.371829111, -163.981, -57.297, 570.872
1317402824.463159024, -164.378, -57.6121, 571.895
1317402824.563963009, -164.766, -57.9245, 572.91
1317402824.654806436, -165.162, -58.239, 573.933
1317402824.796463123, -165.546, -58.5571, 574.97
1317402824.897594729, -165.931, -58.87, 575.994
1317402824.968009632, -166.311, -59.1866, 577.03
1317402825.109396518, -166.677, -59.4982, 578.053
1317402825.211009734, -167.047, -59.8029, 579.055
1317402825.332271126, -167.422, -60.0965, 580.024
1317402825.392833832, -167.803, -60.3929, 581
1317402825.493851009, -168.187, -60.6766, 581.939
1317402825.616132787, -168.584, -60.945, 582.831
1317402825.696692609, -168.986, -61.2153, 583.73
1317402825.797625364, -169.379, -61.4797, 584.611
1317402825.939044946, -169.765, -61.7328, 585.458
1317402826.009577061, -170.175, -61.9804, 586.29
1317402826.151195662, -170.571, -62.2253, 587.114
1317402826.221658229, -170.977, -62.4479, 587.874
1317402826.377471588, -171.395, -62.6642, 588.616
1317402826.427833959, -171.821, -62.8674, 589.322
1317402826.559047020, -172.228, -63.0693, 590.027
1317402826.639782431, -172.652, -63.2606, 590.698
1317402826.740689597, -173.081, -63.4467, 591.359
1317402826.872317657, -173.506, -63.6281, 592.012
1317402826.973260623, -173.943, -63.7974, 592.633
1317402827.054051307, -174.388, -63.9557, 593.224
1317402827.155052114, -174.839, -64.1091, 593.805
1317402827.286207214, -175.29, -64.2532, 594.359
1317402827.387228380, -175.766, -64.3835, 594.875
1317402827.467951874, -176.27, -64.5019, 595.358
1317402827.568789550, -176.777, -64.6188, 595.84
1317402827.710220485, -177.322, -64.7292, 596.31
1317402827.811028118, -177.891, -64.8276, 596.745
1317402827.881817218, -178.487, -64.9209, 597.173
1317402828.023132163, -179.078, -65.0082, 597.583
1317402828.113995919, -179.67, -65.0796, 597.943
1317402828.224917818, -180.288, -65.1428, 598.279
1317402828.295558033, -180.942, -65.2038, 598.615
1317402828.426806855, -181.597, -65.2529, 598.911
1317402828.538979625, -182.273, -65.2956, 599.189
1317402828.640115263, -182.965, -65.3259, 599.426
1317402828.710763738, -183.65, -65.3493, 599.642
1317402828.821709168, -184.343, -65.3701, 599.852
1317402828.954138834, -185.026, -65.379, 600.019
1317402829.055197886, -185.725, -65.3845, 600.177
1317402829.125802711, -186.419, -65.3848, 600.318
1317402829.236906633, -187.138, -65.3807, 600.446
1317402829.368962364, -187.883, -65.3718, 600.561
1317402829.469949021, -188.629, -65.3585, 600.66
1317402829.540581787, -189.389, -65.342, 600.75
1317402829.651698405, -190.132, -65.3202, 600.819
1317402829.783878836, -190.882, -65.2966, 600.883
1317402829.885141085, -191.639, -65.2679, 600.928
1317402829.955547705, -192.384, -65.233, 600.948
1317402830.066578054, -193.136, -65.1945, 600.956
1317402830.199349604, -193.869, -65.1518, 600.945
1317402830.300328252, -194.604, -65.1057, 600.922
1317402830.370963587, -195.327, -65.0543, 600.877
1317402830.482098959, -196.047, -64.9952, 600.802
1317402830.603325040, -196.765, -64.9274, 600.691
1317402830.683959303, -197.483, -64.8566, 600.569
1317402830.794960692, -198.192, -64.778, 600.413
1317402830.927188217, -198.883, -64.6939, 600.233
1317402831.028071835, -199.572, -64.6009, 600.015
1317402831.139051544, -200.242, -64.5005, 599.763
1317402831.209638828, -200.904, -64.3909, 599.471
1317402831.320520048, -201.549, -64.2798, 599.169
1317402831.451896526, -202.19, -64.1627, 598.841
1317402831.542905027, -202.823, -64.0415, 598.493
1317402831.623470600, -203.402, -63.9213, 598.141
1317402831.744425643, -203.973, -63.7978, 597.772
1317402831.855706455, -204.514, -63.6754, 597.402
1317402831.956778948, -205.031, -63.5488, 597.008
1317402832.037967593, -205.56, -63.4173, 596.594
1317402832.139007653, -206.079, -63.288, 596.187
1317402832.270286574, -206.603, -63.1497, 595.74
1317402832.381340942, -207.095, -63.0111, 595.284
1317402832.451927403, -207.601, -62.869, 594.816
1317402832.593201921, -208.077, -62.7213, 594.314
1317402832.684156577, -208.511, -62.5746, 593.805
1317402832.795623741, -208.936, -62.4268, 593.288
1317402832.866197963, -209.339, -62.2758, 592.75
1317402833.027712692, -209.746, -62.1226, 592.202
1317402833.098474587, -210.127, -61.9687, 591.642
1317402833.210454009, -210.516, -61.8057, 591.037
1317402833.281043273, -210.873, -61.6472, 590.445
1317402833.422390221, -211.206, -61.4854, 589.827
1317402833.523282206, -211.526, -61.3171, 589.172
1317402833.614222780, -211.841, -61.1511, 588.526
1317402833.694933402, -212.141, -60.9797, 587.849
1317402833.805683421, -212.414, -60.8118, 587.179
1317402833.937015759, -212.693, -60.6355, 586.472
1317402834.037946871, -212.966, -60.462, 585.777
1317402834.108618256, -213.23, -60.2833, 585.054
1317402834.219590874, -213.48, -60.1063, 584.334
1317402834.352353003, -213.725, -59.926, 583.599
1317402834.453100994, -213.971, -59.7391, 582.833
1317402834.523612549, -214.22, -59.5514, 582.066
1317402834.644787266, -214.446, -59.3673, 581.307
1317402834.766946684, -214.659, -59.1804, 580.53
1317402834.847662087, -214.876, -58.9937, 579.757
1317402834.948310915, -215.092, -58.8003, 578.951
1317402835.059196395, -215.3, -58.6086, 578.151
1317402835.181590932, -215.513, -58.4107, 577.324
1317402835.272486021, -215.73, -58.207, 576.472
1317402835.353201679, -215.946, -58.004, 575.626
1317402835.494590080, -216.15, -57.8007, 574.772
1317402835.586449827, -216.355, -57.5943, 573.904
1317402835.667223964, -216.575, -57.3868, 573.039
1317402835.768152075, -216.784, -57.1815, 572.181
1317402835.909474215, -216.984, -56.973, 571.304
1317402836.011522152, -217.181, -56.7641, 570.425
1317402836.112435626, -217.389, -56.5526, 569.539
1317402836.183076343, -217.594, -56.3365, 568.631
1317402836.294073730, -217.804, -56.1213, 567.729
1317402836.426821291, -218.013, -55.9058, 566.826
1317402836.527645164, -218.209, -55.6902, 565.917
1317402836.608287194, -218.411, -55.472, 564.997
1317402836.709081343, -218.617, -55.2511, 564.067
1317402836.841574301, -218.831, -55.0278, 563.128
1317402836.932293628, -219.036, -54.8015, 562.168
1317402837.023090557, -219.248, -54.5767, 561.22
1317402837.154412514, -219.445, -54.3557, 560.284
1317402837.256617562, -219.641, -54.1351, 559.35
1317402837.357558489, -219.832, -53.9091, 558.388
1317402837.428120444, -220.021, -53.6823, 557.42
1317402837.569286980, -220.236, -53.4486, 556.435
1317402837.660082052, -220.463, -53.2201, 555.482
1317402837.771267313, -220.691, -52.992, 554.531
1317402837.841782842, -220.937, -52.759, 553.57
1317402837.983218622, -221.186, -52.5284, 552.623
1317402838.084319290, -221.44, -52.2933, 551.66
1317402838.185249102, -221.703, -52.0596, 550.711
1317402838.265955373, -221.995, -51.8128, 549.718
1317402838.367020005, -222.275, -51.5733, 548.757
1317402838.498542752, -222.562, -51.3351, 547.807
1317402838.599558308, -222.859, -51.0937, 546.85
1317402838.680426687, -223.165, -50.8574, 545.924
1317402838.791645047, -223.479, -50.6215, 545.006
1317402838.912834351, -223.809, -50.3826, 544.083
1317402839.013818829, -224.152, -50.1433, 543.165
1317402839.094575228, -224.516, -49.9036, 542.255
1317402839.225842902, -224.874, -49.6683, 541.366
1317402839.306897962, -225.254, -49.4336, 540.491
1317402839.438459623, -225.63, -49.1985, 539.614
1317402839.508971444, -226.002, -48.9651, 538.744
1317402839.640006301, -226.385, -48.7317, 537.88
1317402839.731107686, -226.797, -48.4952, 537.014
1317402839.852119650, -227.22, -48.2564, 536.141
1317402839.922815841, -227.648, -48.0203, 535.283
1317402840.054193876, -228.089, -47.7872, 534.445
1317402840.154922316, -228.526, -47.5537, 533.601
1317402840.266125280, -228.989, -47.3188, 532.76
1317402840.336854471, -229.464, -47.0842, 531.926
1317402840.457802348, -229.951, -46.8469, 531.083
1317402840.578955080, -230.461, -46.6068, 530.233
1317402840.649582290, -230.968, -46.3696, 529.395
1317402840.750334116, -231.475, -46.1374, 528.579
1317402840.891999019, -232.013, -45.9016, 527.756
1317402840.982918654, -232.562, -45.6672, 526.944
1317402841.095477590, -233.113, -45.4331, 526.134
1317402841.166113486, -233.692, -45.2011, 525.345
1317402841.277058869, -234.287, -44.9708, 524.57
1317402841.408292281, -234.89, -44.736, 523.778
1317402841.499010513, -235.507, -44.5062, 523.013
1317402841.579642322, -236.133, -44.2763, 522.252
1317402841.680536234, -236.756, -44.0463, 521.489
1317402841.821995985, -237.376, -43.8182, 520.734
1317402841.922917123, -237.998, -43.5929, 519.993
1317402841.993373738, -238.625, -43.3748, 519.286
1317402842.104156503, -239.255, -43.1539, 518.566
1317402842.237000947, -239.889, -42.9367, 517.865
1317402842.317678083, -240.535, -42.7206, 517.171
1317402842.408493608, -241.202, -42.5005, 516.464
1317402842.539541184, -241.88, -42.2835, 515.775
1317402842.641996669, -242.562, -42.0678, 515.09
1317402842.753139675, -243.236, -41.8555, 514.417
1317402842.823753834, -243.914, -41.649, 513.769
1317402842.964929379, -244.586, -41.445, 513.13
1317402843.056881874, -245.263, -41.2425, 512.498
1317402843.147710305, -245.949, -41.043, 511.881
1317402843.238299780, -246.6, -40.8467, 511.268
1317402843.379715152, -247.251, -40.6542, 510.673
1317402843.461284604, -247.909, -40.4586, 510.068
1317402843.572360146, -248.552, -40.2737, 509.509
1317402843.662970385, -249.186, -40.0931, 508.971
1317402843.794398017, -249.803, -39.9154, 508.445
1317402843.895436733, -250.4, -39.7458, 507.955
1317402843.986423435, -250.985, -39.5804, 507.484
1317402844.077272608, -251.573, -39.4145, 507.019
1317402844.178253156, -252.125, -39.2558, 506.582
1317402844.309777198, -252.661, -39.0994, 506.156
1317402844.410979333, -253.19, -38.9409, 505.726
1317402844.491677829, -253.712, -38.7834, 505.306
1317402844.592997928, -254.221, -38.6297, 504.902
1317402844.724294703, -254.713, -38.4767, 504.504
1317402844.835358059, -255.216, -38.3201, 504.102
1317402844.905940544, -255.694, -38.1639, 503.698
1317402845.007025138, -256.17, -38.0041, 503.282
1317402845.148263541, -256.654, -37.8485, 502.89
1317402845.239061088, -257.125, -37.6962, 502.512
1317402845.319520014, -257.571, -37.5495, 502.15
1317402845.420099195, -257.977, -37.4047, 501.783
1317402845.561497275, -258.355, -37.2553, 501.389
1317402845.631912379, -258.72, -37.1048, 500.983
1317402845.742629976, -259.102, -36.9426, 500.536
1317402845.843415341, -259.446, -36.7802, 500.073
1317402845.974657882, -259.79, -36.618, 499.611
1317402846.075515278, -260.115, -36.4557, 499.137
1317402846.156164422, -260.414, -36.2882, 498.628
1317402846.256970951, -260.681, -36.1175, 498.091
1317402846.398346608, -260.928, -35.9465, 497.542
1317402846.489144023, -261.164, -35.7722, 496.973
1317402846.569863158, -261.375, -35.5957, 496.379
1317402846.670687741, -261.553, -35.4246, 495.79
1317402846.812011772, -261.725, -35.2466, 495.166
1317402846.902788864, -261.85, -35.0742, 494.544
1317402846.983484320, -261.944, -34.9062, 493.924
1317402847.094546915, -262.028, -34.7345, 493.283
1317402847.226014308, -262.085, -34.5629, 492.628
1317402847.326881924, -262.115, -34.3866, 491.937
1317402847.397520378, -262.141, -34.2121, 491.248
1317402847.518582536, -262.132, -34.0377, 490.541
1317402847.630258395, -262.094, -33.8666, 489.833
1317402847.731260759, -262.076, -33.6988, 489.145
1317402847.811936074, -262.033, -33.5261, 488.422
1317402847.922660564, -261.984, -33.3565, 487.708
1317402848.044996493, -261.907, -33.1871, 486.979
1317402848.156038620, -261.812, -33.0152, 486.229
1317402848.226691947, -261.705, -32.833, 485.425
1317402848.368227472, -261.604, -32.6524, 484.628
1317402848.438792389, -261.483, -32.4717, 483.821
1317402848.570437894, -261.36, -32.2921, 483.015
1317402848.641179640, -261.237, -32.1078, 482.187
1317402848.752166912, -261.132, -31.9192, 481.347
1317402848.873715292, -261.033, -31.73, 480.505
1317402848.994950632, -260.914, -31.5341, 479.621
1317402849.065613838, -260.791, -31.333, 478.709
1317402849.186821618, -260.678, -31.1311, 477.798
1317402849.287577958, -260.565, -30.9245, 476.864
1317402849.398731998, -260.436, -30.7184, 475.923
1317402849.469457725, -260.33, -30.5065, 474.967
1317402849.580382363, -260.217, -30.2941, 474.004
1317402849.711789388, -260.1, -30.0811, 473.034
1317402849.812843587, -260.002, -29.8631, 472.054
1317402849.893423894, -259.906, -29.6425, 471.065
1317402850.025550557, -259.792, -29.4198, 470.057
1317402850.106168723, -259.685, -29.199, 469.064
1317402850.237334643, -259.577, -28.975, 468.058
1317402850.318065563, -259.482, -28.7434, 467.028
1317402850.409269481, -259.388, -28.5107, 465.994
1317402850.540595106, -259.295, -28.2785, 464.965
1317402850.621294185, -259.192, -28.0495, 463.945
1317402850.722141640, -259.107, -27.8175, 462.924
1317402850.822837751, -259.035, -27.5814, 461.891
1317402850.964056717, -258.974, -27.3464, 460.868
1317402851.065026806, -258.902, -27.1086, 459.828
1317402851.135551288, -258.836, -26.8695, 458.785
1317402851.287165529, -258.8, -26.6264, 457.742
1317402851.369900944, -258.769, -26.3812, 456.692
1317402851.470841374, -258.745, -26.1348, 455.642
1317402851.551447924, -258.738, -25.8861, 454.591
1317402851.652358901, -258.757, -25.6368, 453.555
1317402851.783776836, -258.787, -25.3863, 452.52
1317402851.884750898, -258.859, -25.1323, 451.493
1317402851.965403664, -258.923, -24.8807, 450.474
1317402852.066164297, -259.005, -24.6223, 449.433
1317402852.207400690, -259.101, -24.3625, 448.394
1317402852.298246113, -259.215, -24.1048, 447.372
1317402852.379403501, -259.338, -23.8469, 446.355
1317402852.480379397, -259.486, -23.5788, 445.305
1317402852.611769930, -259.652, -23.3102, 444.263
1317402852.722968820, -259.82, -23.0417, 443.224
1317402852.793561270, -260.001, -22.7734, 442.193
1317402852.924818777, -260.197, -22.4997, 441.148
1317402853.026019962, -260.419, -22.2274, 440.123
1317402853.137136418, -260.648, -21.9519, 439.089
1317402853.207708205, -260.892, -21.6747, 438.056
1317402853.308698261, -261.136, -21.3965, 437.018
1317402853.450304256, -261.39, -21.1178, 435.981
1317402853.531572486, -261.652, -20.8358, 434.934
1317402853.622301621, -261.916, -20.5487, 433.862
1317402853.753768812, -262.184, -20.2633, 432.802
1317402853.854710418, -262.46, -19.9807, 431.756
1317402853.965813325, -262.734, -19.6958, 430.698
1317402854.036375128, -263.013, -19.4072, 429.625
1317402854.177634447, -263.292, -19.1183, 428.551
1317402854.299398652, -263.574, -18.8183, 427.467
1317402854.370056077, -263.861, -18.5143, 426.368
1317402854.450686298, -264.159, -18.2071, 425.262
1317402854.591820980, -264.47, -17.9007, 424.165
1317402854.692683993, -264.772, -17.5934, 423.053
1317402854.793661827, -265.08, -17.2839, 421.93
1317402854.874343789, -265.393, -16.9702, 420.786
1317402854.975080325, -265.698, -16.6611, 419.656
1317402855.106391571, -266.021, -16.3492, 418.522
1317402855.187131355, -266.339, -16.0359, 417.375
1317402855.287874704, -266.653, -15.7172, 416.2
1317402855.419130192, -266.99, -15.3966, 415.028
1317402855.530256566, -267.308, -15.0794, 413.859
1317402855.600800851, -267.618, -14.76, 412.674
1317402855.701559410, -267.933, -14.4403, 411.487
1317402855.822702547, -268.239, -14.1208, 410.291
1317402855.903440015, -268.54, -13.8008, 409.086
1317402856.045001871, -268.852, -13.471, 407.84
1317402856.115887236, -269.13, -13.149, 406.601
1317402856.216875809, -269.393, -12.8363, 405.393
1317402856.358032169, -269.656, -12.5257, 404.19
1317402856.428812989, -269.892, -12.2204, 402.991
1317402856.529655764, -270.126, -11.9108, 401.767
1317402856.661108819, -270.363, -11.5982, 400.529
1317402856.741828756, -270.587, -11.2879, 399.286
1317402856.873394910, -270.794, -10.9802, 398.037
1317402856.954113602, -270.991, -10.6714, 396.771
1317402857.075408063, -271.183, -10.3626, 395.497
1317402857.156210814, -271.368, -10.054, 394.215
1317402857.287945682, -271.571, -9.74584, 392.95
1317402857.358476900, -271.784, -9.43565, 391.681
1317402857.479598747, -271.988, -9.12806, 390.412
1317402857.590676528, -272.176, -8.82484, 389.149
1317402857.681695955, -272.351, -8.51591, 387.843
1317402857.782457276, -272.532, -8.21056, 386.555
1317402857.883087742, -272.732, -7.90416, 385.273
1317402857.983778188, -272.904, -7.60093, 383.979
1317402858.084493269, -273.092, -7.29285, 382.671
1317402858.185373091, -273.278, -6.9907, 381.387
1317402858.316650346, -273.463, -6.68927, 380.102
1317402858.417901163, -273.647, -6.38937, 378.82
1317402858.518851985, -273.829, -6.08919, 377.53
1317402858.599475186, -274.008, -5.79224, 376.249
1317402858.720417277, -274.187, -5.49361, 374.955
1317402858.841543344, -274.375, -5.19188, 373.649
1317402858.942426981, -274.562, -4.88544, 372.315
1317402859.023058442, -274.746, -4.57937, 370.974
1317402859.154352173, -274.922, -4.27797, 369.647
1317402859.255386311, -275.106, -3.97712, 368.327
1317402859.356297511, -275.295, -3.67753, 367.015
1317402859.436961954, -275.493, -3.37683, 365.7
1317402859.548132877, -275.698, -3.0721, 364.364
1317402859.669087660, -275.893, -2.7653, 363.007
1317402859.780073145, -276.083, -2.46141, 361.655
1317402859.850698996, -276.288, -2.1591, 360.321
1317402859.981849026, -276.499, -1.85695, 358.991
1317402860.082856251, -276.715, -1.55381, 357.654
1317402860.194021445, -276.915, -1.25326, 356.313
1317402860.264603359, -277.13, -0.953521, 354.985
1317402860.395878103, -277.327, -0.659517, 353.67
1317402860.508859044, -277.538, -0.356279, 352.309
1317402860.579595261, -277.739, -0.0608066, 350.976
1317402860.680457493, -277.938, 0.236679, 349.629
1317402860.781281359, -278.154, 0.537735, 348.268
1317402860.881945979, -278.371, 0.841815, 346.888
1317402861.013294326, -278.569, 1.14656, 345.48
1317402861.093941321, -278.78, 1.45185, 344.076
1317402861.224943074, -278.974, 1.7541, 342.669
1317402861.325771498, -279.179, 2.0524, 341.29
1317402861.436925891, -279.367, 2.34684, 339.912
1317402861.507412524, -279.563, 2.63828, 338.555
1317402861.618452638, -279.748, 2.92437, 337.216
1317402861.739568921, -279.93, 3.20923, 335.877
1317402861.850942066, -280.114, 3.49809, 334.512
1317402861.921535430, -280.309, 3.79071, 333.132
1317402862.022462657, -280.503, 4.08231, 331.75
1317402862.133508201, -280.695, 4.37519, 330.352
1317402862.255230474, -280.882, 4.66615, 328.952
1317402862.335922319, -281.069, 4.95973, 327.533
1317402862.477081636, -281.253, 5.24925, 326.131
1317402862.567944951, -281.446, 5.54186, 324.712
1317402862.678979796, -281.63, 5.83257, 323.291
1317402862.759745002, -281.814, 6.12174, 321.87
1317402862.890896247, -281.996, 6.40994, 320.448
1317402862.971578284, -282.183, 6.69653, 319.031
1317402863.092691928, -282.39, 6.98602, 317.605
1317402863.163414413, -282.584, 7.27112, 316.188
1317402863.274654472, -282.806, 7.56093, 314.763
1317402863.406778380, -283.041, 7.84953, 313.349
1317402863.507695072, -283.277, 8.13742, 311.935
1317402863.578250803, -283.509, 8.4193, 310.548
1317402863.689420592, -283.738, 8.70031, 309.158
1317402863.831397973, -283.992, 8.98548, 307.752
1317402863.922197132, -284.244, 9.26865, 306.349
1317402863.992803218, -284.468, 9.54862, 304.936
1317402864.134160447, -284.709, 9.82929, 303.526
1317402864.236166146, -284.961, 10.1076, 302.13
1317402864.337065482, -285.222, 10.3857, 300.736
1317402864.407788179, -285.502, 10.6628, 299.358
1317402864.518663034, -285.786, 10.9402, 297.976
1317402864.650670983, -286.081, 11.2166, 296.603
1317402864.751743958, -286.396, 11.4987, 295.205
1317402864.832291014, -286.716, 11.7788, 293.818
1317402864.932933599, -287.046, 12.0577, 292.44
1317402865.074094549, -287.396, 12.3367, 291.068
1317402865.144769122, -287.745, 12.6145, 289.696
1317402865.245408392, -288.089, 12.8893, 288.334
1317402865.366849874, -288.456, 13.1652, 286.977
1317402865.457743492, -288.83, 13.4415, 285.618
1317402865.578831106, -289.201, 13.718, 284.249
1317402865.659483772, -289.582, 13.9943, 282.884
1317402865.760774032, -289.971, 14.2706, 281.52
1317402865.861881383, -290.367, 14.5446, 280.174
1317402865.992928257, -290.769, 14.8182, 278.831
1317402866.073628330, -291.18, 15.0902, 277.501
1317402866.204869521, -291.603, 15.3625, 276.175
1317402866.295806770, -292.026, 15.6362, 274.836
1317402866.417112622, -292.44, 15.9101, 273.484
1317402866.487646466, -292.874, 16.184, 272.139
1317402866.588457511, -293.32, 16.4588, 270.79
1317402866.719739526, -293.765, 16.7333, 269.443
1317402866.810572432, -294.197, 17.0054, 268.098
1317402866.901596197, -294.631, 17.2746, 266.776
1317402867.032957535, -295.061, 17.5425, 265.451
1317402867.113754967, -295.502, 17.8118, 264.122
1317402867.244959116, -295.949, 18.0851, 262.763
1317402867.315479732, -296.404, 18.3559, 261.417
1317402867.416292709, -296.859, 18.6256, 260.071
1317402867.547550800, -297.311, 18.8923, 258.735
1317402867.658948131, -297.777, 19.1605, 257.393
1317402867.729501493, -298.263, 19.4291, 256.057
1317402867.870754902, -298.72, 19.6961, 254.715
1317402867.961586876, -299.192, 19.9648, 253.366
1317402868.073852207, -299.659, 20.2287, 252.045
1317402868.144359917, -300.134, 20.4956, 250.71
1317402868.305718641, -300.615, 20.762, 249.378
1317402868.376478538, -301.088, 21.0257, 248.057
1317402868.498691556, -301.578, 21.2911, 246.732
1317402868.559270511, -302.081, 21.5548, 245.419
1317402868.660079219, -302.593, 21.8178, 244.113
1317402868.791539169, -303.089, 22.081, 242.793
1317402868.882500113, -303.588, 22.3438, 241.474
1317402868.983478971, -304.087, 22.6044, 240.171
1317402869.114760479, -304.592, 22.8666, 238.858
1317402869.215769688, -305.101, 23.1272, 237.554
1317402869.286512348, -305.605, 23.3871, 236.248
1317402869.387231562, -306.107, 23.6468, 234.938
1317402869.498337030, -306.587, 23.9027, 233.636
1317402869.629936505, -307.075, 24.1544, 232.359
1317402869.700862233, -307.549, 24.4105, 231.04
1317402869.801578745, -308.006, 24.6659, 229.712
1317402869.932872468, -308.466, 24.922, 228.374
1317402870.044976150, -308.912, 25.1784, 227.024
1317402870.145771016, -309.355, 25.4335, 225.676
1317402870.216271632, -309.763, 25.6603, 224.327
1317402870.357682159, -310.15, 25.8893, 222.982
1317402870.428608812, -310.527, 26.1193, 221.641
1317402870.569532263, -310.896, 26.3522, 220.298
1317402870.640100241, -311.251, 26.5877, 218.953
1317402870.740874425, -311.584, 26.8273, 217.598
1317402870.841754015, -311.909, 27.066, 216.247
1317402871.003119216, -312.224, 27.3166, 214.85
1317402871.053577411, -312.527, 27.5599, 213.492
1317402871.154596140, -312.819, 27.8031, 212.122
1317402871.255633040, -313.091, 28.0431, 210.76
1317402871.397206142, -313.35, 28.2815, 209.395
1317402871.467771973, -313.592, 28.5183, 208.028
1317402871.598951775, -313.818, 28.7556, 206.647
1317402871.700105119, -314.049, 28.9957, 205.24
1317402871.811236717, -314.258, 29.2317, 203.843
1317402871.881799942, -314.468, 29.4676, 202.44
1317402871.982759768, -314.665, 29.7001, 201.051
1317402872.114162193, -314.841, 29.9313, 199.666
1317402872.225348052, -315.016, 30.1635, 198.265
1317402872.295759701, -315.181, 30.3945, 196.859
1317402872.396694440, -315.335, 30.6236, 195.453
1317402872.538037723, -315.485, 30.8517, 194.044
1317402872.639095055, -315.612, 31.0744, 192.65
1317402872.709652613, -315.729, 31.2971, 191.241
1317402872.820917352, -315.847, 31.5191, 189.826
1317402872.952108846, -315.951, 31.7396, 188.404
1317402873.053120649, -316.045, 31.9581, 186.982
1317402873.123735146, -316.115, 32.1719, 185.571
1317402873.254799507, -316.17, 32.3817, 184.174
1317402873.345620288, -316.217, 32.5913, 182.769
1317402873.456946962, -316.261, 32.7962, 181.39
1317402873.537647343, -316.307, 33.0008, 180.007
1317402873.668865352, -316.348, 33.2041, 178.623
1317402873.759687582, -316.384, 33.41, 177.204
1317402873.882125611, -316.416, 33.6154, 175.777
1317402873.952845394, -316.454, 33.8198, 174.351
1317402874.094131827, -316.504, 34.0241, 172.924
1317402874.195206568, -316.552, 34.233, 171.453
1317402874.265825745, -316.598, 34.4369, 170.009
1317402874.366736082, -316.649, 34.6409, 168.569
1317402874.507953942, -316.694, 34.8476, 167.11
1317402874.598713028, -316.731, 35.0542, 165.643
1317402874.699564890, -316.776, 35.2615, 164.177
1317402874.780320803, -316.82, 35.4668, 162.725
1317402874.891308570, -316.877, 35.6751, 161.26
1317402875.022822522, -316.917, 35.8808, 159.792
1317402875.103590256, -316.955, 36.0852, 158.328
1317402875.194425752, -316.996, 36.2903, 156.863
1317402875.335695310, -317.051, 36.4969, 155.403
1317402875.437689240, -317.089, 36.6973, 153.972
1317402875.538680301, -317.136, 36.8978, 152.549
1317402875.609296145, -317.166, 37.0958, 151.118
1317402875.720108809, -317.182, 37.2931, 149.672
1317402875.820975273, -317.19, 37.4901, 148.207
1317402875.952126481, -317.2, 37.6829, 146.774
1317402876.032929699, -317.201, 37.8724, 145.345
1317402876.154064918, -317.208, 38.0613, 143.922
1317402876.244855479, -317.201, 38.2478, 142.492
1317402876.355956926, -317.18, 38.4315, 141.056
1317402876.446756890, -317.17, 38.6139, 139.638
1317402876.568819218, -317.145, 38.7956, 138.195
1317402876.669840194, -317.118, 38.9748, 136.765
1317402876.780834891, -317.087, 39.1517, 135.336
1317402876.861477251, -317.071, 39.3293, 133.913
1317402876.993584482, -317.039, 39.5044, 132.472
1317402877.094613417, -317.01, 39.6821, 130.995
1317402877.205680176, -316.979, 39.8592, 129.512
1317402877.276207884, -316.941, 40.0371, 128.007
1317402877.377288970, -316.913, 40.2122, 126.536
1317402877.518621022, -316.892, 40.3925, 125.021
1317402877.609580420, -316.879, 40.57, 123.537
1317402877.690160277, -316.86, 40.746, 122.049
1317402877.791014426, -316.842, 40.9212, 120.561
1317402877.932512484, -316.795, 41.0894, 119.084
1317402878.023226181, -316.772, 41.2595, 117.617
1317402878.103856878, -316.73, 41.4266, 116.137
1317402878.235001661, -316.7, 41.594, 114.666
1317402878.315830280, -316.684, 41.7624, 113.201
1317402878.437033932, -316.669, 41.9305, 111.733
1317402878.517865915, -316.661, 42.0969, 110.279
1317402878.648942890, -316.637, 42.2593, 108.824
1317402878.729692206, -316.626, 42.4235, 107.364
1317402878.850891552, -316.605, 42.5826, 105.928
1317402878.931605959, -316.58, 42.7411, 104.478
1317402879.062912643, -316.563, 42.8998, 103.021
1317402879.163926158, -316.546, 43.058, 101.564
1317402879.275193052, -316.54, 43.2151, 100.123
1317402879.345884085, -316.531, 43.3716, 98.67
1317402879.456954220, -316.529, 43.5285, 97.211
1317402879.588137743, -316.535, 43.6874, 95.734
1317402879.690176174, -316.542, 43.8495, 94.2067
1317402879.760701602, -316.543, 44.0049, 92.7303
1317402879.861694562, -316.543, 44.1595, 91.251
1317402880.003102012, -316.55, 44.3135, 89.7822
1317402880.104812367, -316.556, 44.4668, 88.3051
1317402880.175442663, -316.545, 44.6259, 86.7936
1317402880.276624851, -316.553, 44.785, 85.2734
1317402880.418239188, -316.551, 44.9341, 83.7712
1317402880.488773211, -316.546, 45.0806, 82.2698
1317402880.599842219, -316.53, 45.225, 80.7532
1317402880.690631303, -316.541, 45.3695, 79.2654
1317402880.801534539, -316.558, 45.5114, 77.7923
1317402880.902517665, -316.58, 45.6527, 76.3154
1317402881.003308092, -316.596, 45.7879, 74.8809
1317402881.144828717, -316.628, 45.928, 73.3882
1317402881.235739680, -316.643, 46.0631, 71.8978
1317402881.346865590, -316.669, 46.1962, 70.4335
1317402881.417310224, -316.696, 46.3266, 68.992
1317402881.527944143, -316.712, 46.455, 67.5293
1317402881.628571317, -316.735, 46.5829, 66.0672
1317402881.759675247, -316.742, 46.7063, 64.636
1317402881.830270785, -316.756, 46.8309, 63.202
1317402881.961487990, -316.774, 46.9552, 61.7689
1317402882.042431321, -316.781, 47.0763, 60.3422
1317402882.183678686, -316.806, 47.199, 58.9165
1317402882.254195197, -316.811, 47.3182, 57.4842
1317402882.355223559, -316.823, 47.4375, 56.0553
1317402882.486399482, -316.848, 47.5598, 54.6023
1317402882.587414616, -316.866, 47.6802, 53.1555
1317402882.668066428, -316.878, 47.7997, 51.7094
1317402882.768882619, -316.901, 47.9195, 50.2805
1317402882.920353000, -316.92, 48.0395, 48.8393
1317402882.990996543, -316.928, 48.1591, 47.3773
1317402883.081628826, -316.934, 48.2751, 45.9677
1317402883.212778695, -316.946, 48.3906, 44.5821
1317402883.293430800, -316.968, 48.5057, 43.2208
1317402883.404246357, -316.971, 48.6189, 41.8507
1317402883.494922720, -316.961, 48.7309, 40.4803
1317402883.626191831, -316.962, 48.8464, 39.0867
1317402883.706931034, -316.982, 48.9631, 37.7205
1317402883.838321351, -317.009, 49.08, 36.36
1317402883.908850144, -317.035, 49.1938, 35.0471
1317402884.009633837, -317.065, 49.3082, 33.7273
1317402884.151013889, -317.105, 49.4231, 32.4237
1317402884.252933649, -317.127, 49.5347, 31.1449
1317402884.323396862, -317.17, 49.6487, 29.8866
1317402884.424059845, -317.226, 49.7608, 28.6916
1317402884.565339603, -317.291, 49.8752, 27.4833
1317402884.657355797, -317.346, 49.9861, 26.3089
1317402884.737878307, -317.411, 50.0979, 25.1389
1317402884.838889716, -317.462, 50.2071, 23.9896
1317402884.949949077, -317.508, 50.3139, 22.8747
1317402885.081319552, -317.585, 50.422, 21.7955
1317402885.151836998, -317.637, 50.5252, 20.7477
1317402885.262470066, -317.713, 50.6281, 19.7457
1317402885.394426739, -317.753, 50.7251, 18.772
1317402885.495541014, -317.789, 50.8196, 17.8236
1317402885.576334981, -317.841, 50.9098, 16.9668
1317402885.677161470, -317.862, 50.9961, 16.1178
1317402885.777914433, -317.844, 51.0784, 15.2583
1317402885.878688676, -317.844, 51.1587, 14.4554
1317402885.989488082, -317.808, 51.2341, 13.6734
1317402886.090173972, -317.76, 51.3058, 12.9242
1317402886.191092510, -317.677, 51.3717, 12.2136
1317402886.332576095, -317.557, 51.4332, 11.5282
1317402886.403141542, -317.416, 51.4913, 10.8608
1317402886.503899440, -317.242, 51.5444, 10.2309
1317402886.614727796, -317.087, 51.5944, 9.65446
1317402886.747421969, -316.898, 51.6411, 9.08073
1317402886.818025966, -316.688, 51.685, 8.52438
1317402886.918871941, -316.443, 51.725, 7.98901
1317402887.060148645, -316.178, 51.7625, 7.47048
1317402887.140900651, -315.899, 51.7958, 6.98764
1317402887.231608474, -315.603, 51.8248, 6.54337
1317402887.342384604, -315.251, 51.8489, 6.11693
1317402887.443061362, -314.936, 51.871, 5.7401
1317402887.594559775, -314.599, 51.8893, 5.39714
1317402887.655219025, -314.251, 51.906, 5.02856
1317402887.755895413, -313.861, 51.9175, 4.68629
1317402887.856657652, -313.483, 51.9264, 4.37029
1317402887.998651842, -313.093, 51.9318, 4.09643
1317402888.069264392, -312.665, 51.9326, 3.84368
1317402888.170122069, -312.23, 51.9309, 3.59732
1317402888.301381206, -311.77, 51.9251, 3.37877
1317402888.402450660, -311.292, 51.9156, 3.18277
1317402888.483116285, -310.808, 51.9034, 3.00418
1317402888.583904848, -310.329, 51.8888, 2.87573
1317402888.705290867, -309.808, 51.8693, 2.77207
1317402888.827399772, -309.301, 51.8487, 2.70698
1317402888.908161514, -308.785, 51.8255, 2.65687
1317402888.998928361, -308.22, 51.7962, 2.63407
1317402889.140390054, -307.671, 51.7659, 2.62229
1317402889.221270292, -307.125, 51.7333, 2.65738
1317402889.322114376, -306.548, 51.6957, 2.72899
1317402889.412968716, -305.971, 51.6559, 2.80507
1317402889.554762603, -305.405, 51.6151, 2.90881
1317402889.646429291, -304.802, 51.5684, 3.04921
1317402889.727198598, -304.231, 51.523, 3.2059
1317402889.828037720, -303.644, 51.4743, 3.37085
1317402889.969971394, -303.101, 51.4283, 3.56269
1317402890.061379013, -302.531, 51.3772, 3.80021
1317402890.142019952, -301.983, 51.3266, 4.0584
1317402890.242894708, -301.424, 51.2728, 4.35044
1317402890.353793814, -300.833, 51.214, 4.66005
1317402890.486323515, -300.244, 51.1539, 4.96763
1317402890.556983615, -299.674, 51.094, 5.32215
1317402890.657862991, -299.082, 51.0304, 5.68423
1317402890.768906388, -298.508, 50.9674, 6.05463
1317402890.869609838, -297.907, 50.8999, 6.42882
1317402890.970559812, -297.334, 50.8343, 6.80023
1317402891.071362117, -296.741, 50.7652, 7.17782
1317402891.212899815, -296.095, 50.6881, 7.57874
1317402891.283945853, -295.481, 50.6133, 7.99252
1317402891.384864772, -294.816, 50.5314, 8.39251
1317402891.485657543, -294.139, 50.446, 8.81468
1317402891.596635901, -293.508, 50.3647, 9.2452
1317402891.727952729, -292.844, 50.2779, 9.68181
1317402891.798542482, -292.156, 50.1868, 10.1199
1317402891.909438961, -291.486, 50.0957, 10.5789
1317402892.041204956, -290.803, 50.0021, 11.0262
1317402892.142265313, -290.105, 49.9042, 11.5077
1317402892.212989241, -289.4, 49.805, 11.9678
1317402892.323875180, -288.689, 49.7027, 12.4565
1317402892.455839334, -287.961, 49.5981, 12.9162
1317402892.556869411, -287.256, 49.4932, 13.4201
1317402892.627436707, -286.563, 49.3898, 13.9
1317402892.738279454, -285.9, 49.2898, 14.3649
1317402892.871040266, -285.218, 49.1859, 14.8409
1317402892.972309819, -284.534, 49.0826, 15.2837
1317402893.042959428, -283.881, 48.9829, 15.7139
1317402893.153937882, -283.207, 48.8784, 16.158
1317402893.285736694, -282.547, 48.7752, 16.5943
1317402893.356654626, -281.889, 48.6715, 17.0321
1317402893.457527976, -281.246, 48.57, 17.4501
1317402893.588620592, -280.604, 48.4664, 17.8863
1317402893.669512471, -279.948, 48.3603, 18.3171
1317402893.800670940, -279.315, 48.2569, 18.7412
1317402893.871306255, -278.7, 48.1565, 19.1444
1317402893.982242591, -278.07, 48.0542, 19.5374
1317402894.083260177, -277.46, 47.9548, 19.9062
1317402894.224469561, -276.854, 47.8544, 20.2804
1317402894.295082793, -276.24, 47.751, 20.665
1317402894.395784246, -275.635, 47.6498, 21.0263
1317402894.496698856, -275.012, 47.5453, 21.3813
1317402894.638242670, -274.412, 47.4442, 21.7179
1317402894.708670855, -273.809, 47.3412, 22.0589
1317402894.809262567, -273.186, 47.2355, 22.3869
1317402894.920250927, -272.538, 47.1238, 22.7365
1317402895.041283477, -271.91, 47.0175, 23.0435
1317402895.122066081, -271.277, 46.9108, 23.3421
1317402895.223026426, -270.622, 46.8008, 23.6316
1317402895.334094625, -269.968, 46.6899, 23.9251
1317402895.455194613, -269.311, 46.5786, 24.2077
1317402895.536370258, -268.641, 46.4636, 24.506
1317402895.637218797, -267.956, 46.3471, 24.7912
1317402895.748136052, -267.294, 46.2363, 25.0482
[0m[ INFO] [1556637907.354037256]: [1;32m---->[0m Image Projection Started.[0m
[0m[ INFO] [1556637907.352581591]: [1;32m---->[0m Feature Association Started.[0m
[0m[ INFO] [1556637907.363110182]: [1;32m---->[0m Map Optimization Started.[0m
pubLaserCloudSurround.getNumSubscribers() == 0
... logging to /home/justin/.ros/log/22353548-6b5c-11e9-814a-9cb6d0b9893f/roslaunch-justin-xps-17351.log
Checking log directory for disk usage. This may take awhile.
Press Ctrl-C to interrupt
Done checking log file disk usage. Usage is <1GB.
]2;/home/justin/catkin_ws/src/LeGO-LOAM/LeGO-LOAM/launch/run.launch
[1mstarted roslaunch server http://justin-xps:43823/[0m

SUMMARY
========

PARAMETERS
 * /rosdistro: kinetic
 * /rosversion: 1.12.14
 * /use_sim_time: True

NODES
  /
    base_link_to_camera (tf/static_transform_publisher)
    camera_init_to_map (tf/static_transform_publisher)
    featureAssociation (lego_loam/featureAssociation)
    imageProjection (lego_loam/imageProjection)
    mapOptmization (lego_loam/mapOptmization)
    player (rosbag/play)
    rviz (rviz/rviz)
    transformFusion (lego_loam/transformFusion)

auto-starting new master
[1mprocess[master]: started with pid [17361][0m
[1mROS_MASTER_URI=http://localhost:11311[0m
]2;/home/justin/catkin_ws/src/LeGO-LOAM/LeGO-LOAM/launch/run.launch http://localhost:11311
[1msetting /run_id to 22353548-6b5c-11e9-814a-9cb6d0b9893f[0m
[1mprocess[rosout-1]: started with pid [17374][0m
started core service [/rosout]
[1mprocess[rviz-2]: started with pid [17382][0m
[1mprocess[camera_init_to_map-3]: started with pid [17395][0m
[1mprocess[base_link_to_camera-4]: started with pid [17400][0m
[1mprocess[imageProjection-5]: started with pid [17407][0m
[1mprocess[featureAssociation-6]: started with pid [17428][0m
[1mprocess[mapOptmization-7]: started with pid [17443][0m
[1mprocess[transformFusion-8]: started with pid [17458][0m
[1mprocess[player-9]: started with pid [17470][0m
[1m[player-9] process has finished cleanly
log file: /home/justin/.ros/log/22353548-6b5c-11e9-814a-9cb6d0b9893f/player-9*.log[0m
[1m[rviz-2] process has finished cleanly
log file: /home/justin/.ros/log/22353548-6b5c-11e9-814a-9cb6d0b9893f/rviz-2*.log[0m
[transformFusion-8] killing on exit
[mapOptmization-7] killing on exit
[featureAssociation-6] killing on exit
[imageProjection-5] killing on exit
[base_link_to_camera-4] killing on exit
[camera_init_to_map-3] killing on exit
[rosout-1] killing on exit
[master] killing on exit
shutting down processing monitor...
... shutting down processing monitor complete
[1mdone[0m
